link,tags,likes,comments
https://cdn.pixabay.com/photo/2022/03/06/05/30/clouds-7050884__480.jpg,"Tags - Clouds, Sky, Atmosphere, Blue Sky",196 Likes,55 Comments 
https://cdn.pixabay.com/photo/2022/04/07/11/45/bird-7117346__340.jpg,"Tags - Bird, Ornithology, Hummingbird",196 Likes,55 Comments 
https://cdn.pixabay.com/photo/2022/02/28/15/28/sea-7039471__340.jpg,"Tags - Sea, Rainbow, Rainfall, Subtropical",196 Likes,55 Comments 
https://cdn.pixabay.com/photo/2022/04/04/02/52/cherry-blossoms-7110279__340.jpg,"Tags - Cherry Blossoms, Road, Japan, Sakura",196 Likes,55 Comments 
https://cdn.pixabay.com/photo/2022/04/09/18/06/cape-marguerite-7121992__340.jpg,"Tags - Cape Marguerite, Flower, Plant",196 Likes,55 Comments 
https://cdn.pixabay.com/photo/2021/11/13/23/06/tree-6792528__340.jpg,Tags - Relaxing Rest Under The Tree,196 Likes,55 Comments 
https://cdn.pixabay.com/photo/2022/04/07/02/56/cottontail-rabbit-7116707__340.jpg,"Tags - Cottontail Rabbit, Wild Rabbit, Grass",196 Likes,55 Comments 
https://cdn.pixabay.com/photo/2022/03/19/21/11/crocus-7079550__340.jpg,"Tags - Crocus, Flowers, Spring, Plant",196 Likes,55 Comments 
https://cdn.pixabay.com/photo/2022/04/09/17/30/coffee-7121939__340.jpg,"Tags - Coffee, Caf√©, Vacation, Drink, Table",196 Likes,55 Comments 
https://cdn.pixabay.com/photo/2022/03/25/19/24/waterfall-7091641__340.jpg,"Tags - Waterfall, Fall, Epic, Nature, Light",196 Likes,55 Comments 
https://cdn.pixabay.com/photo/2021/08/25/20/42/field-6574455__340.jpg,"Tags - Field, Morning, Sunrise, Dawn, Nature",196 Likes,55 Comments 
https://cdn.pixabay.com/photo/2022/04/04/18/03/bird-7111988__340.jpg,"Tags - Bird, Robin, Birdwatching, Animal",196 Likes,55 Comments 
https://cdn.pixabay.com/photo/2022/04/04/07/58/seedlings-7110591__340.jpg,"Tags - Seedlings, Soil, Spring Flowers, Bloom",196 Likes,55 Comments 
https://cdn.pixabay.com/photo/2022/03/23/21/27/road-7087957__340.jpg,"Tags - Road, Highway, Countryside, Hills",196 Likes,55 Comments 
https://cdn.pixabay.com/photo/2022/03/27/15/03/cityscape-7095358__340.jpg,"Tags - Cityscape, Monochrome, Bridge, City",196 Likes,55 Comments 
https://cdn.pixabay.com/photo/2022/03/25/17/54/sakura-7091532__340.jpg,"Tags - Sakura, Cherry Blossoms, Spring, Water",196 Likes,55 Comments 
https://cdn.pixabay.com/photo/2022/04/01/19/03/background-7105471__480.jpg,"Tags - Background, Easter, Eggs, Template, Art",196 Likes,55 Comments 
https://cdn.pixabay.com/photo/2022/01/31/12/46/bird-6983434__340.jpg,"Tags - Bird, Indian Chat, Ornithology, Species",196 Likes,55 Comments 
https://cdn.pixabay.com/photo/2022/01/18/16/49/town-6947538__340.jpg,"Tags - Town, Night, Winter, Village, Season",196 Likes,55 Comments 
https://cdn.pixabay.com/photo/2022/04/09/17/42/flower-7121955__340.jpg,"Tags - Flower, Viola, Pansy, Blossom, Bloom",196 Likes,55 Comments 
https://cdn.pixabay.com/photo/2021/08/30/21/29/port-6587129__340.jpg,"Tags - Port, Lake, Architecture, Vacations",196 Likes,55 Comments 
https://cdn.pixabay.com/photo/2022/03/16/02/03/sunflowers-7071449__340.jpg,"Tags - Sunflowers, Flowers, Plant",196 Likes,55 Comments 
https://cdn.pixabay.com/photo/2022/03/28/18/41/coffee-7098126__340.jpg,"Tags - Coffee, Spring, Flowers, Morning",196 Likes,55 Comments 
https://cdn.pixabay.com/photo/2022/02/12/06/21/roys-peak-7008528__340.jpg,"Tags - Roys Peak, Wanaka, Lake, Mountains",196 Likes,55 Comments 
https://cdn.pixabay.com/photo/2021/11/21/21/14/mountain-6815304__340.jpg,"Tags - Thank you, everyone. Thank you for many downloads and likes.",196 Likes,55 Comments 
https://cdn.pixabay.com/photo/2021/08/22/15/48/nature-6565499__340.jpg,"Tags - Nature, Beach, Outdoors, Exploration",196 Likes,55 Comments 
https://cdn.pixabay.com/photo/2022/03/03/11/18/nature-7045125__340.jpg,Tags - The Danish West Coast of Jutland. Shot during sunset.,196 Likes,55 Comments 
https://cdn.pixabay.com/photo/2022/03/16/21/01/gentoo-penguin-7073391__340.jpg,"Tags - Gentoo Penguin, Penguin, Bird, Animal",196 Likes,55 Comments 
https://cdn.pixabay.com/photo/2021/11/26/20/45/lantern-6826698__340.jpg,"Tags - Lantern, Sea, Heaven, Beach, Water, Tree",196 Likes,55 Comments 
https://cdn.pixabay.com/photo/2022/04/03/05/03/easter-7108066__340.jpg,"Tags - Easter, Spring, Easter Bunny",196 Likes,55 Comments 
https://cdn.pixabay.com/photo/2018/01/14/23/12/nature-3082832__340.jpg,Tags - green trees on brown rock formation on lake during daytime,196 Likes,55 Comments 
https://cdn.pixabay.com/photo/2022/02/27/19/46/tourist-attraction-7037967__340.jpg,"Tags - Tourist Attraction, Eiffel Tower, Travel",196 Likes,55 Comments 
https://cdn.pixabay.com/photo/2022/04/07/22/23/menhir-7118382__480.jpg,"Tags - Menhir, Stones, Clouds, Standing Stones",196 Likes,55 Comments 
https://cdn.pixabay.com/photo/2022/01/13/18/05/road-6935773__340.jpg,"Tags - Road, Trees, Winter, Frost, Snow, Path",196 Likes,55 Comments 
https://cdn.pixabay.com/photo/2022/04/10/07/03/bird-7122753__340.jpg,"Tags - Bird, Woodpecker",196 Likes,55 Comments 
https://cdn.pixabay.com/photo/2021/11/25/19/50/tape-6824489__340.jpg,"Tags - Tape, Cassette, Music, Retro, Classic",196 Likes,55 Comments 
https://cdn.pixabay.com/photo/2022/01/10/15/29/wind-mills-6928590__340.jpg,"Tags - Wind Mills, Energy, Clouds, Power",196 Likes,55 Comments 
https://cdn.pixabay.com/photo/2022/02/15/07/27/travel-7014427__340.jpg,"Tags - Travel, Tourism, Square, Tartini, Piran",196 Likes,55 Comments 
https://cdn.pixabay.com/photo/2022/04/11/04/33/easter-eggs-7124718__340.jpg,"Tags - Easter Eggs, Colored Eggs, Nest, Eggs",196 Likes,55 Comments 
https://cdn.pixabay.com/photo/2022/02/07/22/27/winter-7000429__340.jpg,"Tags - Winter, Season, Nature, Outdoors, Travel",196 Likes,55 Comments 
https://cdn.pixabay.com/photo/2022/04/11/09/40/glacier-7125386__340.jpg,"Tags - Glacier, Dying Glaciers, Melting Glacier",196 Likes,55 Comments 
https://cdn.pixabay.com/photo/2021/11/01/21/31/forest-6761846__340.jpg,"Tags - Forest, Jungle, Tropical, Green, Nature",196 Likes,55 Comments 
https://cdn.pixabay.com/photo/2022/02/05/08/13/tulip-6994245__340.jpg,"Tags - Tulip, Flower, Bloom, Blossom, Petals",196 Likes,55 Comments 
https://cdn.pixabay.com/photo/2022/04/07/13/06/flowers-7117461__340.jpg,"Tags - Flowers, Pink Flowers, Petals",196 Likes,55 Comments 
https://cdn.pixabay.com/photo/2022/02/22/03/22/passiflora-7027917__340.jpg,"Tags - Passiflora, Passion Flower, Flower",196 Likes,55 Comments 
https://cdn.pixabay.com/photo/2021/11/02/21/57/prayer-6764197__340.jpg,"Tags - Prayer, Faith, Religion, Hope, Blessing",196 Likes,55 Comments 
https://cdn.pixabay.com/photo/2022/04/09/10/13/galaxy-7121195__340.jpg,"Tags - Galaxy, Space, Universe, Star, Cosmos",196 Likes,55 Comments 
https://cdn.pixabay.com/photo/2022/03/31/09/25/dragonfly-7102558__480.jpg,"Tags - Dragonfly, Nature, Insect, Macro",196 Likes,55 Comments 
